"SATD","Sentiment"
"// This is turned off temporarily. There appears to be a bug // in SelectorUtils.matchPattern() where it is recursive on // Windows even if no ** is in pattern. //assertEquals(""FFFTFFFFFFFF"", results); // Unix // vs //assertEquals(""FFFTFFFFTFFF"", results); // Windows","negative"
"// FIXME: Is ""No Namespace is Empty Namespace"" really OK?","negative"
"// FIXME this is actually not very cpu cycles friendly as we are converting from // dos to java while the underlying Sun implementation will convert // from java to dos time for internal storage...","negative"
"// TODO: // A warning line, that shows code, which contains a variable // error will cause some trouble. The parser should definitely // be much better.","negative"
"// Don't try restoring the URL TODO: wy not?","non-negative"
"// TODO display warning dialog as this can take some time","non-negative"
"""/* * TODO: error counting needs to be sorted out. * * At present the Statistical Sampler tracks errors separately * It would make sense to move the error count here, but this would * mean lots of changes. * It's also tricky maintaining the count - it can't just be incremented/decremented * when the success flag is set as this may be done multiple times. * The work-round for now is to do the work in the StatisticalSampleResult, * which overrides this method. * Note that some JMS samplers also create samples with > 1 sample count * Also the Transaction Controller probably needs to be changed to do * proper sample and error accounting. * The purpose of this work-round is to allow at least minimal support for * errors in remote statistical batch mode. * */""","negative"
"""/* * URGENT: TODO - sort out equals and hashCode() - at present equal * instances can/will have different hashcodes - problem is, when a proper * hashcode is used, tests stop working, e.g. listener data disappears when * switching views... This presumably means that instances currently * regarded as equal, aren't really equal. * * @see java.lang.Object#hashCode() */""","negative"
"/* TODO: Why does the next part not work? */","negative"
"// TODO: We don't really want this to be filled, but if it's not then // the user can't double click in the compartment to add a new literal // Apparently GEF thinks unfilled figs are only selectable by border // setFilled(false);","negative"
"// If we are not visible most likely // we're being deleted. // TODO: This indicates a more fundamental problem that // should be investigated - tfm - 20061230","negative"
"// FIXME this is not correct","negative"
"// Bug 124306: we should rely on XMLCalendar to normalize Dave value, to ensure that all Date value // fields are taken into account.","non-negative"
"// is this an error???","negative"
"//FB Won't compile with VAJ or NO_JIKES //FB Object adapter = adapterFactory.adapt(mapping)","non-negative"
"//TODO: currently broken for unique-key references (does not detect // change to unique key property of the associated object) //the owner of the association is not the owner of the id","negative"
"//TODO: entities CAN be compared, by PK and entity name, fix this!","negative"
"// TODO: does not work for EntityMode.DOM4J yet!","negative"
"//TODO: would be nice to use false, but issues with MS SQL","non-negative"
"//TODO: not really completely correct, since // the uoe could occur while resolving // associations, leaving the PC in an // inconsistent state","negative"
"//TODO: this is kinda inconsistent with CollectionType","negative"
"// does it matter that this doesn't set the type correctly?","non-negative"
"// Jun 9 2004 12:40 PM // waitFor() hangs on some Java // implementations.","negative"
"// Feb 4 2000 5:30 PM // Catch Throwable here rather than Exception. // Kaffe's implementation of Runtime.exec throws java.lang.InternalError.","non-negative"
"// looks bad with the OS X L&F, apparently...","negative"
"/* two plugins provide same class! */","negative"
"// This really should be Long.decode, but there isn't one. As a result, // hex and octal literals ending in 'l' or 'L' don't work.","negative"
"// TODO: Check this result...","non-negative"
"// TODO: don't require pop","non-negative"
"// XXX Wrong, but will have to do for now","negative"
"// FIXME: I got a bunch of NPEs when I didn't check for nulls here...HOW?!","negative"
"""/** * Get value from current scope or one of its captured scopes. * * FIXME: block variables are not getting primed to nil so we need to null check those * until we prime them properly. Also add assert back in. * * @param offset zero-indexed value that represents where variable lives * @param depth how many captured scopes down this variable should be set * @return the value here */""","non-negative"
"// SSS FIXME: This doesn't preserve original order of when clauses. We could consider // preserving the order (or maybe not, since we would have to sort the constants first // in any case) for outputing jump tables in certain situations. // // add body to map for emitting later","non-negative"
"// synchronized method per JRUBY-1173 (unsafe Double-Checked Locking) // FIXME: synchronization is still wrong in CP code","negative"
"// vulture thread will periodically expunge dead // entries. entries are also expunged during 'put' // operations; this is designed to cover the case where // many objects are created initially, followed by limited // put activity. // // FIXME: DISABLED (below) pending resolution of finalization issue //","non-negative"
"// zero args with block // FIXME: omit args index","non-negative"
"// TODO: Rubicon TestKernel dies without this line. A cursory glance implies we // falsely set $! to nil and this sets it back to something valid. This should // get fixed at the same time we address bug #1296484.","non-negative"
"// Enebo : Should ~frogger\\foo work (it doesnt in linux ruby)?","negative"
"// FIXME can't use static","non-negative"
"// Bug 2480365: It is very important to get the URI from the URL and not simply do // new File(url.getFile()). In the case where the path contains spaces, they get encoded as %20 in // the string returned from url.getFile(). java.io.File doesn't know how to deal with them // (i.e. replace them with spaces) and the resulting File is rendered non-existent.","non-negative"
"// Cast to int required as Dimension::setSize(double,double) // doesn't appear to do anything in JDK1.2.2.","negative"
"""/* TODO: We should have all the information that is required in the * NotationSettings object */""","non-negative"
"""/** * Rank the nodes depending on their level (position in hierarchy) and set * their weight to achieve a proper node-sequence for the layout. Rows * exceeding the maximum row width are split, if standalone nodes are * available. * <p> * Weight the other nodes to determine their columns. * <p> * TODO: Weighting doesn't appear to be working as intended because multiple * groups of children/specializations get intermixed in name order rather * than being grouped by their parent/generalization. - tfm - 20070314 */""","negative"
"/* * Algorithm* Check for any level one nullability breaks* Look at non null components to*   recursively check next level of nullability breaks* Look at Collections contraining component to*   recursively check next level of nullability breaks*** In the previous implementation, not-null stuffs where checked* filtering by level one only updateable* or insertable columns. So setting a sub component as update=""false""* has no effect on not-null check if the main component had good checkeability* In this implementation, we keep this feature.* However, I never see any documentation mentioning that, but it's for* sure a limitation.*/","negative"
"/* Original note: Jdk under Win is throwing these to warn about lower case / upper case possible mismatch. e.g. bsh.console bsh.Console Update: Prior to 1.3 we were squeltching NoClassDefFoundErrors which was very annoying.  I cannot reproduce the original problem and this was never a valid solution.  If there are legacy VMs that have problems we can include a more specific test for them here.*/","non-negative"
"// 18 nov 2003: calling this on a drive letter on Windows causes // drive access","non-negative"
"// 2 aug 2003: OS/2 Java has a broken getCanonicalPath()","negative"
"""/** * FIXME: * * @author fdietz: No locking of folders currently implemented! * * @author frd */""","negative"
"// In case this is called by the AWT thread, log a message - this is most likey a bug","negative"
"// TODO : this is broke for subqueries in statements other than selects...","negative"
"// TODO : should this be an error?","non-negative"
"// TODO: figure out how this should be set. /////////////////////////////////////////////////////////////////////////////// // This was the reason for failures regarding INDEX_OP and subclass joins on // theta-join dialects","non-negative"
"// doesn't work: Depending on the compression engine used, // compressed bytes may differ. False errors would be // reported. // assertTrue(""File content mismatch"", // FILE_UTILS.contentEquals(project.resolveFile(""expected/asf-logo-huge.tar.bz2""), // project.resolveFile(""asf-logo-huge.tar.bz2"")));","negative"
"// this is the wrong test if the remote OS is OpenVMS, // but there doesn't seem to be a way to detect it.","negative"
"//TODO add tests for ReportSaveGraphics","non-negative"
"// TODO these assertions should be separate tests","non-negative"
"""/** * Tests if the list with namespaces defined in getValidNamespaceClasses * contains only valid namespaces. * * TODO: This test does not test anything, really! */""","negative"
"// FIXME missing full tests for leap year","negative"
"// TODO: This requires that the tests be run with assertions // enabled which isn't guaranteed in all environments.","non-negative"
"//where oh where has my test case 3 gone?","negative"
"""/* TODO: Why does it fail for changing * the name of an associationend? * Why should it pass? */""","non-negative"
"/** * **FIXME** This function needs documentation** Constructor* * @param String*            Name**/","negative"
"/* TODO add javadocs */","non-negative"
"""/** * Generate the """"intno"""" of the given Message. <p> * * If the predecessor of the given message has only one successor, then * we return the string representation of the given integer. <p> * If the predecessor of the given message has more than one successor, then * this is a case of parallel execution of messages, e.g. * Message 3.1a and Message 3.1b are concurrent within activation 3.1. * Hence In this case we use a syntax like: 1a, 1b, 1c. * * This means that the first successor * in the ordered list of successors that has more than one entry * will get the postfix a, the second b, etc. * * TODO: Document exceptional behaviour. * * @param umlMessage the UML message object to generate * the sequence number for * @param umlPredecessor the immediate predecessor message (UML object) * that has the given message as successor * @param position the integer position of the given message * within its sequence * @return the generated sequence expression string, * or null if the given Message was null */""","non-negative"
"// TODO: are we intentionally eating all events? - tfm 20060203 // document!","negative"
"""/** * TODO: Document! * * @deprecated for 0.28 by tfmorris. Use * {@link #UMLActivityDiagram(String, Object, GraphModel)}. */""","negative"
"// TODO check conformancy to specification","non-negative"
"""/** * Set the owners of the associated FigNodes to be the StateVertexes which * are at either end of the Transition. * <p> * TODO: This needs documentation! Is this really needed? Why? * * @param lay diagram layer containing this fig * @param owner owning UML element * @deprecated in 0.28 by Bob Tarling - The above TODO is from Michiel. * I also don't understand the purpose of this method. The GEF framework * should be setting source/dest or persistence should manage. */""","negative"
"// TODO Can't see anything in SPEC","non-negative"
"""/** * Well-formedness rule for Package. Check that the alias for an imported * element doesn't conflict with any existing name. Section 4.14.3.3 of UML 1.4 * spec. * <p> * Other types of name conflicts in a Namespace are checked by * {@link CrNameConflict}. * <p> * TODO: MVW: If an Alias is the same as another class' name, then this critic * fires, but the explanation and wizard are wrong! */""","negative"
"// TODO: Bobs says - what is the purpose of this flag? Please document.","non-negative"
"// TODO: Why is this a special case? - tfm","non-negative"
"""/** * The constructor. * TODO: Why does this method not handle all settings? */""","negative"
"// TODO implement me!","negative"
"/** ** create Subject headerfield in using the senders message subject and* prepending ""Fwd:"" if not already there* * @param header*            A <code>ColumbaHeader</code> which contains the headerfields*            of the message we want reply/forward.* * FIXME (@author fdietz): we need to i18n this!* */","negative"
"// TODO finish unmarshalling of all available properties","non-negative"
"// TODO (@author fdietz): add error dialog","non-negative"
"// not needed","negative"
"// TODO: Show dialog","non-negative"
"// I don't know if this should be run this deferred // because we might have to give the editor a chance to process the viewer update events // and hence to update the views first. // //","non-negative"
"// TODO Binary incompatibility","non-negative"
"//TODO: check that entry.getIdentifier().equals(requestedId)","non-negative"
"// TODO: not visible to the user!","negative"
"//TODO: proxies!","non-negative"
"//TODO: can we limit stored procedures ?!","non-negative"
"//TODO: formulas ?","non-negative"
"// TODO: better error message since we actually support composites if names are explicitly listed.","negative"
"//TODO: use these in methods above","non-negative"
"//TODO: cache the persister, this shows up in yourkit","non-negative"
"//TODO: terrible implementation!","negative"
"// TODO : temporary initial step towards HHH-1907","non-negative"
"// todo : remove this once ComponentMetamodel is complete and merged","non-negative"
"//TODO: maybe call it getRowSelection() ?","non-negative"
"//TODO: include the rowids!!!!","negative"
"// if we are still not resolved, we might represent a constant. // needed to add this here because the allowance of // naked-prop-refs in the grammar collides with the // definition of literals/constants (""nondeterminism""). // TODO: cleanup the grammar so that ""processConstants"" is always just handled from here","negative"
"//TODO check there is no actual definition elemnents when a ref is defined","non-negative"
"// table=null -> an association // - fill it in later //TODO fill in the mappings for table == null","non-negative"
"""/** * An annotation that allows an image to be placed at some location on * an {@link XYPlot}. * * TODO: implement serialization properly (image is not serializable). */""","negative"
"// todo : cache this sql...","non-negative"
"// TODO: Get Project or other necessary context from source?? // e.getSource()","non-negative"
"// TODO: allow user to request the system or no parent","non-negative"
"// TODO check types!","negative"
"// TODO: validate port as numeric","non-negative"
"// TODO should class implement SampleListener?","non-negative"
"// TODO: All this profile loading/handling needs to // move someplace in model subsystem probably","non-negative"
"// TODO replace repeated substr() above and below with more efficient method.","negative"
"// HACK: in order to have stdout/err act like ttys and flush always, // we set anything assigned to stdout/stderr to sync","negative"
"/* * Create a TaggedValue with a tag/type matching our source module* filename and a value of the file's last modified timestamp.** TODO: This functionality needs to be moved someplace useful if* it's needed, otherwise it can be deleted. - tfm - 20070217*/","non-negative"
"// TODO: Is this (critics embedded in comments) actually used by anyone?","non-negative"
"// // needed?","non-negative"
"// // We have to deal with assembly!!! // The programmer can be writing little 32 byte chunks for all // we know, and we must assemble complete records for writing. // REVIEW Maybe this should be in TarBuffer? Could that help to // eliminate some of the buffer copying. //","negative"
"/** * Models the designers goals in making this design. Provides useful* control information to the Agency so that only critics relevant to* the designers goals are ever executed.** TODO: Really this should be part of a domain extension* and not the kernel. I have not developed this part of Argo very* much.* * @author Jason Robbins*/","non-negative"
"// clear name resolvers... don't know if this is necessary.","non-negative"
"/** * Check if a string is a valid JMeter 'expression'.* <p>* The current implementation is very basic: it just accepts any string * containing ""${"" as a valid expression. TODO: improve, but keep returning* true for ""${}"".*/","non-negative"
"// TODO: implement this properly","negative"
"// unused in parent","non-negative"
"// bingo append it. (this should normally not be done here)","negative"
"// TODO: protected methods. this is going to require a rework of some of the mechanism.","non-negative"
"//DMS Why not this? //new SubProgressMonitor(progressMonitor, 1));","non-negative"
"/* * Constraint: This code only deals with 1 supplier per dependency!* TODO: Do we need more?* * @see org.argouml.uml.ui.AbstractActionAddModelElement#doIt(java.util.List)*/","negative"
"/* * XXX - failed to load the class properly.** should we print a warning here?*/","negative"
"// TODO: This can't depend on ProjectBrowser. Alternate below","negative"
"// TODO: get SQL rendering out of here, create an AST for the join expressions. // Use the SQL generator grammar to generate the SQL text for the index expression.","non-negative"
"// TODO - should we skip processing here?","non-negative"
"/** * Sets the language of an expression.** TODO: This operation is fooling the user* in thinking that the body of the object is changed.* Instead, a new object is created.* There is no other way: a MExpression can not be altered,* once created!* So, this operation returns a newly created object instead.** @param handle The expression.* @param language The new language.* @return The newly created Object.*/","negative"
"/** * XmiWriter implementation for MDR.** This implementation is clumsy because the specified Writer interface wants* characters, while the XmiWriter wants an OutputStream dealing in bytes. We* could easily create a Writer from an OutputStream, but the reverse is not* true.** TODO: The old Writer based interface can be removed when the deprecated* ModelImplementation.getXmiWriter is removed.** @author lmaitre**/","negative"
"//this is the temporary solution for issue 1011","negative"
"// XXX could perhaps also call thread.stop()","non-negative"
"// TODO: this must be wrong...","negative"
"// TODO: callback for value would be more efficient, but unlikely to be a big cost (constants are rarely assigned)","non-negative"
"// Hack to get full modifier value","negative"
"/* * The following variables are set by StandardJMeterEngine.* This is done before start() is called, so the values will be published to the thread safely* TODO - consider passing them to the constructor, so that they can be made final* (to avoid adding lots of parameters, perhaps have a parameter wrapper object.*/","non-negative"
"// This is effectively the same as saver.toXML(Object, Writer) except we get to provide the DataHolder // Don't know why there is no method for this in the XStream class","non-negative"
"/** * Prefix identified as an implementation specific class.* TODO: This should be generalized so it doesn't have to be changed* each time a new implementation is created - tfm 20051109*/","non-negative"
"// Don't allow connections to be created from a read only // model element to any other // TODO: This should be considered a workaround. It only works // because, by default, we place newly created relationships in // the namespace of the fromElement. The correct behavior in // the presence of read-only elements really depends on the type of // connection as well as the writeability of both ends.","negative"
"// brand new collection //TODO: or an array!! we can't lock objects with arrays now??","non-negative"
"// TODO // I'm concerned that folders will often return 401 or even 403. // So should we consider something to exist even though access if unauthorized or forbidden? //","negative"
"// Parse pattern into tokens. Does anyone know if it's more efficient // to use char[] than a String.charAt()? I'm assuming so.","non-negative"
"// FIXME: There's some code duplication here with RubyObject#inspect","non-negative"
"/** * Find the Icon for a given model element.** @return The Icon or <code>null</code> if there is no Icon.* @param value The model element.** TODO: This should not use string matching on classnames to do this* since this means that we have knowledge about how the model* elements are implemented outside of the Model component.*/","non-negative"
"/////////////////////////////////////////////////////////////////////////// // USED ONLY FOR REGRESSION TESTING!!!! // // todo : obviously get rid of all this junk","negative"
"/** * Provides query splitting methods, which were originally in QueryTranslator.* <br>* TODO: This will need to be refactored at some point.** @author josh*/","negative"
"/** * Searches for a type/classifier with name s. If the type is not found, a* new type is created and added to the current namespace.* <p>* TODO: Move to Model subsystem - tfm 20070307* * @param s* the name of the type/classifier to be found* @return Classifier*/","non-negative"
"/*_x0001__x0001__x0001__x0001_ * END-KLUDGE_x0001__x0001__x0001__x0001_*/","negative"
"// TODO: the namespace of created events is currently the model. // I think this is wrong, they should be // in the namespace of the activitygraph! // vec.addAll( // Model.getModelManagementHelper().getAllModelElementsOfKind( // Model.getFacade().getNamespace(getTarget()), // Model.getMetaTypes().getEvent()));","negative"
"//TODO: used to be exprNoParens! was this needed?","negative"
"// FIXME: not very efficient","negative"
"// SSS FIXME: I added this in. Is this correct?","non-negative"
"// The call here is the result of a desperate fight // to find a place where the components in the split // had not height = 0. If someone knows a better way // please tell me I'll apreciate any advice. // gerdwagner@users.sourceforge.net","negative"
"// FIXME: No getValueFormat() method?","non-negative"
"// Some dbs (like McKoi) make -1 the default for scale. Apply the // same hack as above.","negative"
"// ugly workaround","negative"
"// hack... sticking to first interpreter that resolves this // see comments on type instance variable","negative"
"//FIXME: get the PersistentClass","non-negative"
"// worrying about proxies is perhaps a little bit of overkill here...","negative"
"/** * TODO: The reference to the method* org.argouml.uml.ui.VetoablePropertyChange#getVetoMessage(String)* was here but the class does exist anymore. Where is it?* This method is never used!** @param propertyName is the name of the property* @return a message or null if not applicable.*/","negative"
"// This is a work-around for what looks like a bug to me - it is a syntax error to qualify with the // schema the new table name, but not the old as in: // // ALTER TABLE ""public"".""tablerenametest"" RENAME TO ""public"".""tablewasrenamed"" // // The second ""public"". is apparently not (currently) a valid thing to do.","negative"
"// Get the content length, it tells us how much data to read // TODO : Maybe support chunked encoding, then we cannot rely on content length","non-negative"
"// N.B. Commons IO IOUtils has equivalent methods","non-negative"
"// TODO: These were missing, so we're not handling them elsewhere?","negative"
"// If it's a single-arg when but contains an array, we know it's a real literal array // FIXME: This is a gross way to figure it out; parser help similar to yield argument passing (expandArguments) would be better","negative"
"// Create our bandbuffer which is just a small slice of the image // TODO: We used a fixed height buffer now, but we could be smarter and // compute a height which would fit in some memory budget, allowing us // to use taller buffers with narrower images, minimizing the overhead // of multiple rendering passes","non-negative"
"// TODO: This can be a mess... There are any better solution?","negative"
"// TODO: Temporary stopgap for EnumerationLiteral","negative"
"//TODO: Open in message frame //TODO: Handle also message attachments from OpenInComposer action","non-negative"
"// stupidity","negative"
"// defer argument checking","non-negative"
"// FIXME: ConstDecl could be two seperate classes (or done differently since constNode and name // never exist at the same time.","non-negative"
"/** * ActionAddExistingNode enables pasting of an existing node into a Diagram.** @author Eugenio Alvarez* Data Access Technologies.* TODO: Why do we have this class as well as ActionAddExistingNodes?*/","non-negative"
"// not used","non-negative"
"// stupid scrollbar policy is an attempt to work around // bugs people have been seeing with IBM's JDK -- 7 Sep 2000","negative"
"// TODO: Reconfigure exception handling to distinguish between errors // that are possible due to bad input data and those that represent // unexpected processing errors.","non-negative"
"// TODO Probably want to allow the user to set these sequence properties ?? // Sequence settings.","non-negative"
"/* MVW: for this case, I have to move the* call to setSelectedItem() outside the ""buildingModel"", otherwise* the combo does not update with the new selection.* The same does probably apply to the cases above! */","negative"
"// TODO - should the encoding be configurable? // $NON-NLS-1$","non-negative"
"// TODO: Must we calculate the whole list?","negative"
"// XXX what is this for?","non-negative"
"// TODO: the type of the model element used in a type parameter // (ie the formal) needs to match the actual parameter that it // gets replaced with later. This code is going to restrict that // to always being a Parameter which doesn't seem right, but I // don't have time to debug it right now. - tfm - 20090608","non-negative"
"/** * This class models the designer who is building a complex design in* some application domain and needs continuous feedback to aid in the* making of good design decisions.<p>** <strong>This area needs work, especially as it is a* central idea of Argo.</strong><p>** Currently (almost) everything is hardcoded. What can be configurable??<p>** The ToDoList is dependent on this class,* i.e. each designer has its ToDoList.<p>** Each designer has his own Agency,* which is the only class that knows all the critics.<p>** This class listens to property changes from ...?<p>** A designer can create ToDo Items, just like the critics. Hence the designer* implements the Poster interface.<p>** TODO: There is a strong dependency cycle between Agency and Designer. They* either need to be merged into a single class or partitioned differently,* perhaps using an interface to break the cycle. The Designer singleton gets* passed to almost every single part of the Critic subsystem, creating strong* coupling throughout. - tfm 20070620** @author Jason Robbins*/","negative"
"// TODO: This method can be replaced by getClass().getSimpleName() // when Argo drops support for Java versions < 1.5","non-negative"
"// TODO: Should this really return null? If not, figure out something better to do here.","negative"
"// TODO: AddOnly has been removed in UML 2.x, so we should phase out // support of it - tfm - 20070529","non-negative"
"// and its stereotypes // TODO: Aren't stereotypes handled elsewhere?","non-negative"
"// No appropriate DataType for this column, so do the best // we can with what we know. // // THIS MAY NOT BE THE BEST BEHAVIOR HERE!!!!!!!","negative"
"/* * Wrapper to convert a JUnit4 class into a TestCase** TODO - work out how to convert JUnit4 assertions so they are treated as failures rather than errors*/","non-negative"
"// optional args, so we have IRubyObject[] // TODO: confirm","non-negative"
"// TODO: This code is cloned over and over again! - tfm","negative"
"// References to actions that we need for Mac hack","non-negative"
"// These may not actually make any difference at present (the code // behind addTrigger needs more work).","non-negative"
"// Windows JDK workaround","negative"
"// TODO: decompose getJavaPackageModule so we don't parse fullName","non-negative"
"//this is really irritating","negative"
"//need to do that here rather than in the save event listener to let //the post insert events to have a id-filled entity when IDENTITY is used (EJB3)","non-negative"
"// Don't allow override of Content-Length // This helps with SoapSampler hack too // TODO - what other headers are not allowed?","non-negative"
"// TODO: This first loop just to count the items appears // redundant to me - tfm 20070630","negative"
"// really there are two situations where it should be ok to allow the insertion // into properties defined on a superclass: // 1) union-subclass with an abstract root entity // 2) discrim-subclass // // #1 is handled already because of the fact that // UnionSubclassPersister alreay always returns 0 // for this call... // // we may want to disallow it for discrim-subclass just for // consistency-sake (currently does not work anyway)...","non-negative"
"// Allow JMeter to render frames (and relative images) // Must be done after setContentType [Why?]","non-negative"
"// N.B. Needs to implement Visualizer so that TestBeanGUI can find the correct GUI class // TODO - remove UnsharedComponent ? Probably does not make sense for a TestBean.","negative"
"// TODO: We definitely don't want to react to addition and // removal of transitions. Can't we be more specific when // we register ourselves as a listener.","negative"
"// TODO: This should listen for new target events // fired by WizStep.updateTabToDo so that we // can decouple it from the ProjectBrowser.","non-negative"
"//ie. the subquery! yuck!","negative"
"// What is the property supposed to be?","non-negative"
"// TODO: Model implementation independent","non-negative"
"//TODO: ugly here:","negative"
"/*_x0001_Note: This class essentially just delegates most of its methods to its_x0001_parent. The setVariable() indirection is very small. We could probably_x0001_fold this functionality back into the base NameSpace as a special case._x0001_But this has changed a few times so I'd like to leave this abstraction for_x0001_now.*/","non-negative"
"// FIXME: I don't like this","negative"
"//TODO: ary_sort_check should be done here","non-negative"
"//TODO: make EntityPersister *not* depend on SessionFactoryImplementor //interface, if possible","non-negative"
"// TODO should this be deprecated ? (to be efficient, internals should deal with RubyHash directly)","negative"
"// TODO: Do we need this one. */","non-negative"
"// something is very wrong here","negative"
"// FIXME: This is pretty gross; we should have a cleaner initialization // that doesn't depend on package-visible fields and ideally is atomic, // probably using an immutable structure we replace all at once. // lazy, null when no groups defined","negative"
"// all the others could be private too?","non-negative"
"//TODO: should orphans really be deleted during lock???","negative"
"//TODO: this is temporary in that the end result will probably not take a Property reference per-se.","non-negative"
"/* FIXME: Resolve what the hell is going on*/","negative"
"// TODO: Using just the last piece of the ID leaves the potential for // name collisions if two linked files have the same name in different // directories","non-negative"
"// TODO : what amount of significant digits need to be supported here? // - from the DecimalFormat docs: // [significant digits] = [minimum integer digits] + [maximum fraction digits]","non-negative"
"// JASON: Do we need these?","non-negative"
"// turn of focus stealing (workaround should be removed in the // future!)","negative"
"//TODO: suck this into initLaziness!","negative"
"// TODO: Only setAccessible to account for pattern found by // accessing constants included from a non-public interface. // (aka java.util.zip.ZipConstants being implemented by many // classes) // TODO: not sure we need this at all, since we only expose // public fields. //field.setAccessible(true);","non-negative"
"/** * A window that displays an exception to the user if we can't handle it* in any other way.* * TODO: This has been partly converted to be a generic error dialog * rather than something specific to exceptions. This should be renamed* when that process is complete.*/","non-negative"
"/** Mask values for TEST_TYPE TODO: remove either MATCH or CONTAINS - they* are mutually exckusive*/","non-negative"
"// none of the others are ever meant to be // removed. retarded, eh? this needs to be // fixed eventually, for plugins might // want to do weird stuff to jEdit's UI","negative"
"/** TODO: Spring-inject when this class is a Spring bean */","non-negative"
"//TODO: bad implementation, cos it depends upon ordering of mapping doc // fixing this requires that Collection/PersistentClass gain access // to the Mappings reference from Configuration (or the filterDefinitions // map directly) sometime during Configuration.buildSessionFactory // (after all the types/filter-defs are known and before building // persisters).","negative"
"// TODO - yet another ambiguous name - does it need changing? // See also: Clearable, JMeterGUIComponent","negative"
"// this is retarded. excuse me while I drool // and make stupid noises","negative"
"//TODO: split into an inherited attr critic and a local //attr critic","non-negative"
"// TODO: Bob says - tabs that listen for target changes // should register themselves not expect DetailsPane to // listen and pass on the event. Otherwise these tabs // always rely on DetailsPane. TabToDoTarget and TabProps // currently listen directly.","non-negative"
"/* Silly bug workaround #8694. If you look at the above code,_x0001__x0001_ * note that we restore the saved caret position first, then_x0001__x0001_ * scroll to the saved location. However, the caret changing_x0001__x0001_ * can itself result in scrolling to a different location than_x0001__x0001_ * what was saved; and since moveCaretPosition() calls_x0001__x0001_ * updateBracketHighlight(), the bracket highlight's out of_x0001__x0001_ * bounds calculation will rely on a different set of physical_x0001__x0001_ * first/last lines than what we will end up with eventually._x0001__x0001_ * Instead of confusing the user with status messages that_x0001__x0001_ * appear at random when switching buffers, we simply hide the_x0001__x0001_ * message altogether. */","negative"
"/**_x0001_ * TODO: mvw: Would it not be better if this code_x0001_ * would go in startTextEditor(), not overruling mouseClicked()._x0001_ * But we made this fig not editable,_x0001_ * to stop it from reacting on key-presses._x0001_ * Anyhow - this is a hack - abusing a FigText - GEF does_x0001_ * not really support double-clicking on a Fig to trigger some action._x0001_*/","negative"
"// todo : potentially look at optimizing these two arrays","non-negative"
"//TODO: is this really necessary????","negative"
"// Yow...this is still ugly","negative"
"// null or brand new collection // this will also (inefficiently) handle arrays, which have // no snapshot, so we can't do any better","negative"
"/** * @see org.argouml.cognitive.Critic#setHeadline(java.lang.String)** Set up the locale specific text for the critic headline* (the one liner that appears in the to-do pane)* and the critic description (the detailed explanation that* appears in the to-do tab of the details pane).** MVW: Maybe we can make it part of the constructor CrUML()?** FIXME: why override if nobody uses?*/","negative"
"// // @author: fdietz // using shutdown-manager is wrong here, because this // automatically also calls the FrameManager, which // also starts a second shutdown thread // -> This leads into two parallel shutdown thread which // -> is why sometimes config-files, etc. get messed up //","negative"
"// This is a kludge to deal with enumerators, which crash the doSwitch. //","negative"
"// TODO: Do we want to <<friend>> stereotypes too? // || Model.getExtensionMechanismsHelper().hasStereotype( // permission, ModelManagementHelper.FRIEND_STEREOTYPE)","non-negative"
"// I guess this can happen as a result of a bad // file read? In this case, it would be better to replace the // incorrect value with anything valid, e.g. the default value // for the property. // But for the time being, I just prefer to be aware of any // problems occuring here, most likely programming errors, // so I'll bail out. // (MS Note) Can't bail out - newly create elements have blank // values and must get the defaults. // Also, when loading previous versions of jmeter test scripts, // some values // may not be right, and should get default values - MS // TODO: review this and possibly change to:","negative"
"//TODO: implement caching?! proxies?!","non-negative"
"/** * Updates a compartment box. Called from updateLayout if there is* a model event effecting the attributes/operations and from* renderingChanged in all cases.* TODO: The above statement means that the entire contents of the* compartments are being rebuilt whenever an add/remove* of an attribute, operation or a reception is detected. It would be* better to have compartments listen for add and remove events* and make minimum change rather than entirely rebuild. * Remark MVW: This is a bit exaggerated, since the populate() * method is already heavily optimized.*/","negative"
"// Only do verification if debug level logging is on // TODO: Should we leave this on always? - tfm","non-negative"
"/* If the jarfile already exists then whack it and recreate it.* Should probably think of a more elegant way to handle this* so that in case of errors we don't leave people worse off* than when we started =)*/","negative"
"// ruby constants for strings (should this be moved somewhere else?)","non-negative"
"// hack/workaround as sqlquery impl depend on having a key.","negative"
"//TODO: Return content encoding according to the mime part in the mail","non-negative"
"/** * A command to set selected figs to their minimum size. <p>* Despite its name, really the minimum size is selected here! <p>* * TODO: Rename this class.** @author Markus Klink*/","non-negative"
"/* workaround for hang if match was_x0001__x0001__x0001__x0001__x0001_ * zero-width. not sure if there is_x0001__x0001__x0001__x0001__x0001_ * a better way to handle this */","negative"
"//TODO: this is too conservative; if all preceding joins were // also inner joins, we could use an inner join here","non-negative"
"// fucking GTK look and feel","negative"
"// TODO not read, yet in a public setter","non-negative"
"// TODO - should we call start() and stop()?","non-negative"
"// FIXME: If NativeException is expected to be used from Ruby code, it should provide // a real allocator to be used. Otherwise Class.new will fail, as will marshalling. JRUBY-415","negative"
"//?? Split these 4 functions off into a subclass of BaseFavouriteAction","non-negative"
"// TODO improve the error handling","non-negative"
"/** * Flag to indicate if we are the main application* or being integrated in another top level application such* as Eclipse (via the ArgoEclipse plugin).* TODO: This is a temporary measure until ProjectBrowser* can be refactored more appropriately. - tfm*/","negative"
"// todo : add the notion of enabled filters to the CacheKey to differentiate filtered collections from non-filtered","non-negative"
"// TODO: This creates a dependency on the Critics subsystem. // We need a generic way for modules (including our internal // subsystems) to request addition of actions to the popup // menu. - tfm 20080430","non-negative"
"/*_x0001__x0001_Notes:_x0001__x0001_This is broken. It finds public but less specific methods over_x0001__x0001_non-public but more specific ones._x0001__x0001_findMostSpecficMethod() needs to be rewritten to eliminate _x0001__x0001_findAccessibleMethod. We should implement the findMostSpecificMethod _x0001__x0001_that uses the publicOnly flag. FindMostSpecificMethod should also_x0001__x0001_operate in two passes to give standard Java assignable matches priority_x0001__x0001_over extended bsh type matches._x0001_*/","negative"
"// TODO: Bob says - we should not be listening here for // addition and removal of attributes. This should be done in // FigAttributesCompartment.","non-negative"
"// FIXME: the renderer interface doesn't have the drawDomainLine() // method, so we have to rely on the renderer being a subclass of // AbstractXYItemRenderer (which is lame)","negative"
"// TODO: Why do we need this as well as control? Why is it // instantiated when its not always needed.","negative"
"// Remember to change this when the class changes ...","non-negative"
"/*_x0001__x0001__x0001__x0001__x0001_ * TODO: Find out why_x0001__x0001__x0001__x0001__x0001_ * KLUDGE: For some reason, I am not able to get the sheet to_x0001__x0001__x0001__x0001__x0001_ * size correctly. It always displays with a size that causes_x0001__x0001__x0001__x0001__x0001_ * the sub-panels to have their scrollbars showing. Add a bit_x0001__x0001__x0001__x0001__x0001_ * of an increase in the size of the panel so thescrollbars_x0001__x0001__x0001__x0001__x0001_ * are not displayed._x0001__x0001__x0001__x0001__x0001_ */","negative"
"//This is not very nice (and quite slow):","negative"
"// hack to ensure the newly created swt fonts will be rendered with the // same height as the awt one","negative"
"//TODO: reenable if we also fix the above todo","non-negative"
"// all of the following have been converted to use the DataType objects // So, why not just have case Types.NULL and default??? (this seems pointless) // RMM 20070726","negative"
"// for DOM4J ""collections"" only // TODO: it would be better if this was done at the higher level by Printer","non-negative"
"/** * The constructor.* TODO: The ""name"" parameter is used for the icon and for the tooltip.* This makes i18n of the tooltip impossible.** @param modeClass the next global editor mode* @param arg the name of a new argument for the new mode* @param value the value of a new argument for the new mode* @param name the name of the command that is the tooltip text.*/","negative"
"// report this?","non-negative"
"// TODO: Performance critical method","non-negative"
"// TODO: It's perhaps just a coincidence that all the channels for // which we should raise are instanceof SelectableChannel, since // stdio is not...so this bothers me slightly. -CON","negative"
"// TODO: Move to Diagram subsystem?","non-negative"
"// TODO: better error handling","non-negative"
"// TODO : not sure this is correct, could not find docs on how to do this.","negative"
"/** * Utility method to encode a String in a way that allows it to be* saved properly in an XML file and regained filtering out any noice* that an XML framework might have seen fit to add.** TODO: Why are we doing this ourselves? Surely encoding information* for XML serialization is a well known task - tfm* I have never understood why this is being done. I think we should remove* any usage - bob** @param_x0001_str_x0001_The String to encode.* @return_x0001_The encoded String.*/","negative"
"//JASON: Remove?? //_session.getSessionSheet().getSQLPanel().executeSQL(sql)","non-negative"
"// todo : should really move this log statement to CollectionType, where this is used from...","non-negative"
"// TODO: Do we really need to do this? Carried over from old behavior","negative"
"// TODO: Only used by interface implementation","non-negative"
"//TODO: if object was an uninitialized proxy, this is inefficient, // resulting in two SQL selects","negative"
"// FIXME: set up a CallConfiguration for this","non-negative"
"// Windows bug workaround in case a YES/NO confirm // was shown","negative"
"// TODO: The following is MDR specific. We need something generic // to all Model subsystems - tfm 20070716","non-negative"
"/** * TODO: Copied from UmlDiagramRenderer.** Get the FigNode from the given layer that represents the given* model element.* The FigNode portion of an association class is returned in preference* to the FigEdge portion.* If no FigNode is found then a FIgEdge is searched for and the FigNode* that acts as its edge port is returned.* @param lay the layer containing the Fig* @param modelElement the model element to find presentation for* @return the FigNode presentation of the model element*/","non-negative"
"// TODO: This is probably related to the SendEvent that is sending the // Signal, but the association is not navigable in that direction","negative"
"/** * @param project the ArgoUML {@link Project} to save in file.* @param file the {@link File} in which an ArgoUML {@link Project} will* be persisted.* @return the persister used and usable for file.* @throws SaveException if saving the file goes wrong.* @throws InterruptedException if an interrupt occurs while saving.* TODO: move this to an helper class.*/","non-negative"
"/** * Field TODO: TextArea or TextField*/","non-negative"
"/** Fix bug: -D arg1=arg2 was causing parse error; however* --define arg1=arg2 is OK This seems to be because the parser* skips the terminator for the long options, but was not doing* so for the short options.*/","negative"
"//swaldman 2004-02-07: modify to allow null values to signify fall through to c3p0 PoolConfig defaults","non-negative"
"// TODO: is this a good idea?","negative"
"// TODO not used by GUI","non-negative"
"//TODO provide proper name?","negative"
"// TODO can this happen?","non-negative"
"// I know it's bad to create object. better idea?","negative"
"//TODO: need to make the majority of this functionality into a top-level support class for custom impl support","non-negative"
"/** * Determine if the passed parameter has a RETURN direction kind.* * TODO: This is a duplicate of {@link #isReturn(Object)}* * @return true if it is a return direction kind* @param handle the parameter*/","non-negative"
"// TODO: confirm expected args are IRubyObject (or similar)","non-negative"
"//TODO: COPY/PASTE FROM SessionImpl, pull up!","negative"
"// TODO : an optimization here would be to consider cascade deletes and not gen those delete statements; // the difficulty is the ordering of the tables here vs the cascade attributes on the persisters -> // the table info gotten here should really be self-contained (i.e., a class representation // defining all the needed attributes), then we could then get an array of those","non-negative"
"// ignore...bean doesn't get registered // TODO: Why does that bother me?","negative"
"// TODO: This probably belongs with the Diagram subsystem","non-negative"
"// TODO: ActionState, CallState, and SubactivityState have been replaced // in UML 2.0 by explicitly modeled Actions","non-negative"
"// TODO there is a problem with the constructor for the RBC. // you have to provide the rules in the constructors - no setters // available.","negative"
"// this part sucks","negative"
"// TODO: This references the concrete factory // We need a factories factory","non-negative"
"// add a system property so samplers can check to see if JMeter // is running in NonGui mode // $NON-NLS-1$ // TODO - why does it create a new instance?","non-negative"
"/** * Moves some object to trash, i.e. deletes it completely with all* dependent structures. <p>** Deleting an object involves: <pre>* - Removing Target history* - Deleting all Fig representations for the object* - Deleting the UML element* - Deleting all dependent UML modelelements* - Deleting CommentEdges (which are not UML elements)* - Move to trash for enclosed objects, i.e. graphically drawn on top of* - Move to trash subdiagrams for the object* - Saveguard that there is always at least 1 diagram left* - If the current diagram has been deleted, select a new one to show* - Trigger the explorer when a diagram is deleted* - Set the needsSave (dirty) flag of the projectmanager* </pre>** @param obj The object to be deleted* @see org.argouml.kernel.ProjectImpl#trashInternal(Object)* <p> * TODO: This should just be named delete() or something which better * tells what it does (since there really isn't a trash can).*/","negative"
"/** * Creates a new checkbox menu item attached to the specified* action object and appends it to the end of this menu.* TODO: This is almost a duplicate of ArgoJMenu.addCheckItem must find a* way to merge.** @param a the Action for the checkbox menu item to be added* @return the new checkbox menu item*/","non-negative"
"// Surely this is always null in the constructor?","non-negative"
"// TODO: An Iterator filter would be nice here instead of the // mucking around with the Collection.","negative"
"// here's a quirk - the API has been defined in terms of a plain // TimePeriod, which cannot make use of the timezone and locale // specified in the constructor...so we only do the time zone // pegging if the period is an instanceof RegularTimePeriod","negative"
"// TODO: what about n arg?","non-negative"
"/** * Copy a file from source to destination.** TODO: Perhaps belongs in a utilities class of some sort.** @param source the source file to be copied* @param dest the destination file* @return success status flag*/","non-negative"
"// TODO: MVW: This needs rethinking/rework! I have the following questions: // Why does it not search for a stereotype in the namespace using // properties and only create a new stereotype if it will actually be used? // Ie, why is there not a getStereotype(String name, String baseClass)? // (edited by d00mst)","negative"
"// TODO: What do we want to use as an equivalent here?","non-negative"
"/** * Defines the methods to generate source code from the model. Each class* providing code generation functionality must implement this to be recognized* by ArgoUML as a code generator.* <p>* TODO: A GUI-independent mechanism to pass settings to the code generator is* needed similar to what we have for reverse engineering. See* {@link org.argouml.uml.reveng.ImportInterface#getImportSettings()} and * {@link org.argouml.uml.reveng.SettingsTypes}* * @since 0.20 when it replaced the FileGenerator interface.*/","non-negative"
"/** * Changes the font for all Figs contained in the given FigGroup. <p> * * TODO: In fact, there is a design error in this method: * E.g. for a class, if the name is Italic since the class is abstract, * then the classes features should be in Plain font. * This problem can be fixed by implementing * the updateFont() method in all subclasses.** @param fg the FigGroup to change the font of.*/","negative"
"// TODO: eliminate?","non-negative"
"// Slight hack - we need to ensure the TestClass is not reset by the previous call","negative"
"// Hack: bsh-2.0b5.jar BshScriptEngine implements Compilable but throws ""java.lang.Error: unimplemented""","negative"
"// there must be a better way of fixing this... // the problem is that this method can sometimes // be called as a result of a text area scroll // event, in which case the caret position has // not been updated yet.","negative"
"// TODO: In JFreeChart 1.2.0, put this method in the // CategoryItemRenderer interface","non-negative"
"// NOTE: Source and line arguments are nonsense in a call(). // Any way to make these arguments *sensible?","negative"
"//TODO replace with proper Exception // return with an error","negative"
"// TODO: this actually returns permissions with stereotypes // of both <<access>> and <<import>> when the spec calls for // only the former, but that seems to give different semantics // to the way package imports work. Review to see which is wrong.","negative"
"//TODO: nothing appears to read this but is set using a public setter.","non-negative"
"// TODO: Some of these magic numbers probably assume a line // width of 1. Replace with appropriate constants/variables.","non-negative"
"/* trim done to workaround stupid oracle bug that cant handle whitespaces before a { in a sp */","negative"
"// CREATE ENTITIES // FIXME: these methods should be defined","non-negative"
"// TODO Hack that should be removed.","negative"
"//TODO: Somehow add the newly created foreign keys to the internal collection","non-negative"
"// TODO - charset? // TODO this should really be request data, but there is none","negative"
"// TODO: figure out why bind variables aren't working","negative"
"//note that i parameter is now unused (delete it?)","non-negative"
"// * @TODO using taskName here is brittle, as a user could override it. // * this should probably be modified to use the classname instead.","negative"
"// We're deleting the last diagram so lets create a new one // TODO: Once we go MDI we won't need this.","non-negative"
"// TODO: Workaround for GEF redraw problem // Force all child figs into the same layer","negative"
"// Hack to allow external control","negative"
"// Check if labels etc have been hit // Apparently GEF does require PathItems to be ""annotations"" // which ours aren't, so until that is resolved...","negative"
"// TODO: It's probably worthwhile to abstract and factor // this chooser and directory stuff. More file handling is // coming, I'm sure.","non-negative"
"// TODO: Ruby does not seem to care about invalid numeric mode values // I am not sure if ruby overflows here also...","non-negative"
"// JDK 1.4 workaround","negative"
"// This should be per instance","non-negative"
"//aliasRefNode.resolve( false, false, aliasRefNode.getText() ); //TODO: is it kosher to do it here? //TODO: is it kosher to do it here?","negative"
"/// a kludge to make everything work when no rows returned","negative"
"// next version: remove this","non-negative"
"// sql-server, at least needed this dropped after use; strange!","negative"
"// TODO: throw IllegalArgumentException in case a variable == null","non-negative"
"/* * Not clear what can cause this ? conflicting versions perhaps*/","negative"
"// TODO fix this when there is a real implementation","non-negative"
"// This could be smarter...","negative"
"// TODO: Bob says - // We're looking at focus change to // flag the start of an interaction. This // is to detect when focus is gained in a prop // panel field on the assumption editing of that // field is about to start. // Not a good assumption. We Need to see if we can get // rid of this.","negative"
"// TODO: complete this","non-negative"
"// workaround for missing ability to parse ""*""","non-negative"
"//TODO: this bit actually has to be called after all cascades! // but since identity insert is called *synchronously*, // instead of asynchronously as other actions, it isn't","negative"
"// SSS FIXME: Does int suffice, or do we need long?","non-negative"
"// FIXME: This determine module is in a strange location and should somehow be in block","negative"
"// TODO ? if this class listen the model, it will be able to // change in live as it is done in the figs (diagram)","non-negative"
"/* * TODO should these fields be public? * They don't appear to be used externally. *  * Also, are they any different from HTTPConstants.GET etc. ? * In some cases they seem to be used as the method name from the Tomcat log. * However the RMETHOD field is used as the value for HTTPSamplerBase.METHOD, * for which HTTPConstants is most approriate. */","non-negative"
"// For PointBase, if type maps to Pointbase ""BLOB"", and the size // isn't valid (PB requires size for BLOBS) then set it to something // reasonably large, like 16MB. 1 is the default size if no size // is specified. That's practically useless :)","negative"
"// now handle specific plot types (and yes, I know this is some // really ugly code that has to be manually updated any time a new // plot type is added - I should have written something much cooler, // but I didn't and neither did anyone else).","negative"
"/* TODO: This needs work... * We also need to listen to addition/removal * of states to/from a ClassifierInState. */","negative"
"//TODO: move to utils class (JMeterUtils?)","non-negative"
"// SampleEvent is not passed JMeterVariables, because they don't make sense for Proxy Recording // TODO - is this the correct threadgroup name?","non-negative"
"// TODO should really return most specific (i.e. longest) match.","non-negative"
"/* if an occurence occurs at the_x0001__x0001_beginning of the selection, the_x0001__x0001_selection start will get moved._x0001__x0001_this sucks, so we hack to avoid it. */","negative"
"// TODO: I believe the following code (to the end of the method) is // obsolete, // since NamePanel no longer seems to be the GUI for any component:","negative"
"// this is a hack, and really needs to be done better.","negative"
"// FIXME: We should not be regenerating this over and over","negative"
"// $NON-NLS-1$ TODO should this be a variable?","non-negative"
"// XXXX re-evaluate this // can getSuper work by itself now? // If we're a class instance and the parent is also a class instance // then super means our parent.","non-negative"
"// Don't call super. Packing this frame causes problems.","negative"
"/** * Remove this diagram from existence. *  * TODO: Move to GEF */","non-negative"
"// this will probably not get used // Object type","non-negative"
"/** * <p>Determines if the FigEdge is currently connected to the correct * FigNodes, if not the edges is the correct FigNodes set and the edge * rerouted. * <p>Typically this is used when a user has amended from the property * panel a relationship from one model element to another and the graph * needs to react to that change. * <p>e.g. if the participant of an association end is changed. * <p>Calls a helper method (layoutThisToSelf) to avoid this edge * disappearing if the new source and dest are the same node. * * TODO: This method is called far too frequently. It should only be called * when a specific event is received. It seems to be currently called whenever * any event is received from the owner. * * @return boolean whether or not the update was sucessful */","negative"
"// retarded GTK look and feel!","negative"
"// Java 1.6.0_22+ no longer allows Content-Length to be set, so don't check it. // See: http://bugs.sun.com/bugdatabase/view_bug.do?bug_id=6996110 // TODO any point in checking the other headers?","non-negative"
"//TODO: this is one of the ugliest and most fragile pieces of code in Hibernate....","negative"
"// XXX is the following really necessary? it is in the same thread group...","negative"
"// we have to find a cleaner way to put this output","non-negative"
"// This is the old way and is deprecated - classespath is // the right way to do this and is above","negative"
"// For Script example that modifies id'ed tasks in other // targets to work. *very* Ugly // The reference is replaced by RuntimeConfigurable","negative"
"// sorry - otherwise we will get a ClassCastException because the MockCache // is loaded by two different classloader ...","negative"
"// ***HACK*** We ask the VM to create an instance // by voluntarily providing illegal arguments to force // the VM to run the class' static initializer, while // at the same time not running a valid constructor.","negative"
"// XXX - shouldn't this always return false in isolated mode?","non-negative"
"// Do we need to add tests for the following? // // AggregationKind // ChangeableKind // MessageDirectionKind // OrderingKind // ParameterDirectionKind // PseudostateKind // ScopeKind // VisibilityKind //","non-negative"
"// FIXME formatters are not thread-safe","negative"
"// I hate to admit it, but we don't know what happened // here.  Throw the Exception.","negative"
"// This would be sensible, but does not work: // public int hashCode() // { // return propMap.hashCode(); // }","negative"
"// Bug in above method","non-negative"
"// TODO: This brute force approach of updating listeners on each // and every event, without checking the event type or any other // information is going to cause lots of InvalidElementExceptions // in subclasses implementations of updateListeners (and they // won't have the event information to make their own decisions)","negative"
"// TODO: Issue 6144. It is proposed to allow any paclage to return as a potential // namespace. Commenting out until this is reviewed and clearly accepted by all.","non-negative"
"// only works for jEdit plugins","non-negative"
"//return cal.getTimeInMillis(); // preceding code won't work with JDK 1.3","negative"
"//TODO find a decent name before documenting","negative"
"// Fixme: Only F_SETFL and F_GETFL is current supported // FIXME: Only NONBLOCK flag is supported // FIXME: F_SETFL and F_SETFD are treated as the same thing here.  For the case of dup(fd) we //   should actually have F_SETFL only affect one (it is unclear how well we do, but this TODO //   is here to at least document that we might need to do more work here.  Mostly SETFL is //   for mode changes which should persist across fork() boundaries.  Since JVM has no fork //   this is not a problem for us.","non-negative"
"// Predecessors used to be not implemented, because it // caused some problems that I've not found an easy way to handle yet, // d00mst. The specific problem is that the notation currently is // ambiguous on second message after a thread split. // Why not implement it anyway? d00mst // TODO: Document this ambiguity and the choice made.","negative"
"// UML 1.4 spec is ambiguous - English says no Association or  // Generalization, but OCL only includes Association //                || Model.getFacade().isAGeneralization(dm)","non-negative"
"// TODO Document the reason for this","non-negative"
"//TODO (@author fdietz): Add proper description here","negative"
"// FIXME: Document difference between warn and warning (or rename one better)","non-negative"
"// not sure whether this test is needed but cost nothing to put. // hope it will be reviewed by anybody competent","negative"
"// TODO Update this after old tests pass and then update the old tests to reflect this change. //","non-negative"
"// TODO: the '\n' literal here should be a test against REToken.newline, // which unfortunately may be more than a single character.","negative"
"// if the method is extending something, then we have // to test if the handler is initialized...","non-negative"
"// Need better test for Windows","negative"
"// XXX - log an error?  throw an exception?","non-negative"
"// TODO: check if too many open files, GC and try again","non-negative"
"// Not yet ready // DataImportGlobalPreferencesTab tab = new DataImportGlobalPreferencesTab(); // return new IGlobalPreferencesPanel[] { tab };","non-negative"
"// stolen from org.apache.xerces.impl.XMLEntityManager#getUserDir() // of the Xerces-J team // which ASCII characters need to be escaped","non-negative"
"// MAC OS 9 and previous //TODO: I have no idea how to get it, someone must fix it","negative"
"// TODO improve this","negative"
"// houston we have a problem !!","negative"
"// TODO - not sure this is the best method","negative"
"// If child of TransactionController is a ThroughputController and TPC does // not sample its children, then we will have this // TODO Should this be at warn level ?","non-negative"
"// TODO: Move magic number 10 to descriptive constant","non-negative"
"// TODO: This method is obsolete.  Use getInputMap etc as below","negative"
"/* TODO: really should be a separate class */","negative"
"""// Load .xmi file before any PGML files // FIXME: the following is loading the model before anything else. // Due to the Zargo containing the profiles, currently we have // removed this hack in UmlFilePersister and I think it should be // removed from here also.""","negative"
"// @TODO dont use deprecated method","non-negative"
"//TODO: Should this be renamed to cLoc or something more appropriate than clock?","negative"
"//TODO: merge into one method!","negative"
"//TODO: inefficient","negative"
"//workaround, for backward compatibility of sets with no //not-null columns, assume all columns are used in the //row locator SQL","non-negative"
"// VERY IMPORTANT!!!! - This class needs to be free of any static references // to any CGLIB or Javassist classes.  Otherwise, users will always need both // on their classpaths no matter which (if either) they use. // // Another option here would be to remove the Hibernate.isPropertyInitialized() // method and have the users go through the SessionFactory to get this information.","negative"
"// TODO : YUCK!!!  fix after HHH-1907 is complete","negative"
"//SPACES //TODO: i'm not sure, but perhaps we should exclude //      abstract denormalized tables?","non-negative"
"// unhappy about this being public ... is there a better way?","negative"
"// Note: incorrect here - we are using the hack in bsh class // manager that allows lookup by base name.  We need to eliminate // this limitation by working through imports.  See notes in class // manager.","negative"
"/* this is stupid and misleading.                                          * but 'path' is not used anywhere except                                          * the above line, and if this is done                                          * after the 'continue', then we will                                          * either hang, or be forced to duplicate                                          * it inside the buffer == null, or add                                          * a 'finally' clause. you decide which one's                                          * worse. */","negative"
"// I'm too tired to think of a better way // to handle this right now.","negative"
"// compatibility kludge for jEdit 3.1 and earlier","negative"
"// XXX: This should not be hardcoded","negative"
"// TODO: it might be a good idea to keep a reference to the color // specified in setPaint() or setColor(), rather than creating a // new object every time getPaint() is called.","non-negative"
"// FIXME: this attribute is not used - deprecate?","non-negative"
"// now we handle some special cases - yes, UGLY code alert!","negative"
"// it would be nice (and logical!) if exponent form  // behaved like E/e, and decimal form behaved like f, // but no such luck. hence: ","negative"
"// FIXME: legal here? may want UnsupportedOperationException","non-negative"
"// if not overloaded, we add a method that guesses at which signature to use // TODO: just adding first one right now...add in signature-guessing logic","non-negative"
"// grrr, arghh, want to subclass sun.misc.FloatingDecimal, but can't, // so we must do all this (the next 70 lines of code), which has already // been done by FloatingDecimal.","negative"
"// TODO: This probably isn't the best hack, but it works until we can have different // root frame setup for 1.9 easily.","negative"
"// FIXME: Big fat hack here, because scope names are expected to be interned strings by the parser","negative"
"// FIXME: null check is removable once we figure out how to assign to unset named block args","non-negative"
"/**  * FIXME: This version is faster than the previous, but both suffer from a  * crucial flaw: It is impossible to create an ObjectSpace with an iterator  * that doesn't either: a. hold on to objects that might otherwise be collected  * or b. have no way to guarantee that a call to hasNext() will be correct or  * that a subsequent call to next() will produce an object. For our purposes,  * for now, this may be acceptable.  */","negative"
"// Here, I don't completely understand how these types are to be used in all databases and I haven't // yet had time to implement support in the dialects for them. So, this exclude list will keep these // less commonly used types from failing the test. Also, since not all of these types appear in Java5 // and we currently support compiling the code base with it, I use the integer values for new types // that were introduces in Java6, rather than the type constant name.","non-negative"
"/*                          * TODO: When 1.4 is the earliest version supported, add the following line:                         *                setSurrendersFocusOnKeystroke(true);                         * This should help handle some problems with navigation using tab & return                         * to move through cells.                         */","non-negative"
"// The following ugly conversion from text to Byte is necessary because // the Byte class is inconsistant.  When asked to output as Hex, it does // so as an UNSIGNED byte, but when asked to read back the same thing // using the Hex radix, it insists that the input must be SIGNED. // To get around this, we up-size the conversion to Integer, then  // truncate that to a byte, and finally convert the byte to a Byte.  Yech.","negative"
"// Discovered that the loginame field can be null - in that case, how to know we have the correct view?","non-negative"
"// the generated classes must not be added in the generic JAR! // is that buggy on old JOnAS (2.4) ??","negative"
"/*     * Fix bug in JVMs that return true/false rather than True/False      * from the type editor getAsText() method     */","non-negative"
"// TODO: full-precision remainder is 1000x slower than MRI!","negative"
"/*                 * TODO: When 1.4 is the earliest version supported, include                 * the following line here:                 *         scrollPane.setWheelScrollingEnabled(true);                 * The scroll-wheel function is important for ease of use, but the                 * setWheelScrollingEnabled function is not available in java 1.3.                 */","non-negative"
"/** XXX I really don't like this - the XML processor is still              * too 'involved' in the processing. A better solution (IMO)             * would be to create UE for Project and Target too, and              * then process the tree and have Project/Target deal with              * its attributes ( similar with Description ).              *             * If we eventually switch to ( or add support for ) DOM,              * things will work smoothly - UE can be avoided almost completely              * ( it could still be created on demand, for backward compatibility )             */","negative"
"// This is faintly ridiculous:","negative"
"/**  * Jakarta Commons Logging listener.  * Note: do not use the SimpleLog as your logger implementation as it  * causes an infinite loop since it writes to System.err, which Ant traps  * and reroutes to the logger/listener layer.  *  * The following names are used for the log:  *  org.apache.tools.ant.Project.PROJECT_NAME  - for project events  *  org.apache.tools.ant.Target.TARGET_NAME - for target events  *  TASK_CLASS_NAME.TARGET_NAME - for events in individual targets.  *  * In all target and project names we replace """"."""" and """" """" with """"-"""".  *  * TODO: we should use the advanced context logging features (and expose them  * in c-l first :-)  * TODO: this is _very_ inefficient. Switching the out and tracking the logs  * can be optimized a lot - but may require few more changes to the core.  *   * @since Ant 1.5  */","negative"
"// Should move to a separate public class - and have API to add // listeners, etc.","non-negative"
"// TODO do contentType and/or dataEncoding belong in HTTPSampleResult instead?","non-negative"
"// Programming error: bail out.","negative"
"// N.B. Needs to implement Visualizer so that TestBeanGUI can find the correct GUI class","non-negative"
"/*          * Does the system support UNC paths? If so, may need to fix them up          * later          */","non-negative"
"// Method is broken anyway","negative"
"/*              * Provide dummy implementations to suppress download and display of              * related resources: - FRAMEs - IMAGEs TODO create better dummy              * displays TODO suppress LINK somehow             */","non-negative"
"// MenuBar related methods // TODO: Do we really need to have all these menubar methods duplicated // here? Perhaps we can make the menu bar accessible through GuiPackage?","negative"
"// TODO: We need to rethrow this as some other exception // type but that is too much change for the moment.","non-negative"
"// TODO: define constants for magic numbers","non-negative"
"/*      * TODO: This is the same as in parent - remove?      * @see org.argouml.uml.diagram.ui.FigNodeModelElement#updateBounds()      */","non-negative"
"// hack in order to be able to compile in java1.3","negative"
"/**      * Set the target anew.      *      * TODO: This method is never used. What is its intention? Remove it?      */","non-negative"
"// TODO: What progressMgr is to be used here? Where does //       it come from?","non-negative"
"// TODO: What does the magic number 6000 represent here? // Put it in an explanatory literal! - tfm - 20071205","negative"
"/**  * Class to manage Project related actions which need to be (or historically  * have been) managed as singletons.  *  * TODO: It's unclear to me whether all of these actually have to be managed as  * singletons, but for now I've just moved them from ProjectBrowser as is. - tfm  *   *  @author Tom Morris  */","non-negative"
"// TODO (@author fdietz): should be removed if we only use // Streams!","negative"
"// TODO (@author fdietz): i18n","non-negative"
"// hack: if start and end time is at 00:00:00:000 it is // an all day event","negative"
"/*          * TODO (@author karlpeder): Guess that right thing to do is to get height as getDrawingSize().getHeight(),          * since this should take top- and bottom margin of this print          * object into account. But the height seems not to be set          * correctly in  computePositionAndSize() (*20030604, karlpeder*)          */","negative"
"// Ensure that this race condition is thread safe; it doesn't matter who wins the race. //","non-negative"
"// use COUNT as the default.  This mimics the old behavior, although // NONE might be a better option moving forward in the case of callable","non-negative"
"//use of trim() here is ugly?","negative"
"//for arrays, we should end the collection load before resolving //the entities, since the actual array instances are not instantiated //during loading //TODO: or we could do this polymorphically, and have two //      different operations implemented differently for arrays","non-negative"
"/**          * This form used from annotations (?).  Essentially the same as the above using a          * resultset-mapping reference, but without cacheMode, readOnly, and comment.          *          * FIXME: annotations do not use it, so it can be remove from my POV          * @deprecated          *          *          * @param query The sql query string          * @param resultSetRef The result-set-mapping name          * @param querySpaces Any specified query spaces (used for auto-flushing)          * @param cacheable Whether the query results are cacheable          * @param cacheRegion If cacheable, the region into which to store the results          * @param timeout A JDBC-level timeout to be applied          * @param fetchSize A JDBC-level fetch-size to be applied          * @param flushMode The flush mode to use for this query          * @param parameterTypes parameter type map          * @param callable Does the query string represent a callable object (i.e., proc)          */","non-negative"
"/////////////////////////////////////////////////////////////////////// // HACK ALERT !!!!!!!!!!!!!!!!!!!!!!!!!!!! // Attempt to work around """"ghost"""" ImpliedFromElements that occasionally // show up between the actual things being joined.  This consistently // occurs from index nodes (at least against many-to-many).  Not sure // if there are other conditions // // Essentially, look-ahead to the next FromElement that actually // writes something to the SQL","negative"
"// short-circuit for performance...","negative"
"//should this interface extend PropertyMapping?","non-negative"
"/*                         Implement String += value;                         According to the JLS, value may be anything.                         In BeanShell, we'll disallow VOID (undefined) values.                         (or should we map them to the empty string?)                 */","non-negative"
"/* Should check for strict java here and use isJavaAssignable() instead */","non-negative"
"// this method is a nightmare","negative"
"/*                 Note: We will ll move this behavior out to a subclass of                  NameSpace, but we'll start here.         */","non-negative"
"// stupid: caret will automatically be incremented","negative"
"// Workaround for JDK bug 4071281, where system.in.available()  // returns too large a value. This bug has been fixed in JDK 1.2.","non-negative"
"// wtf?","negative"
"// this may be negative","negative"
"// calculate the adjusted data area taking into account the 3D effect... // this assumes that there is a 3D renderer, all this 3D effect is a // bit of an ugly hack...","negative"
"// a redraw should NOT trigger another change event","negative"
"// FIXME better ask the renderer instead of DatasetUtilities","non-negative"
"// we basically ignore protocol. let someone report it...","negative"
"// this covers the rare case of lower-case class names (and thus will // fail 99.999% of the time). fortunately, we'll only do this once per // package name. (and seriously, folks, look into best practices...)","negative"
"// Simplify the variables too -- to keep these variables in sync with what is actually used in the when clauses // This is not required for correctness reasons, but only for performance reasons.","non-negative"
"/* Workaround for JRUBY-2326 (MRI does not enter this production for some reason)*/","negative"
"// TODO: NOT_ALLOCATABLE_ALLOCATOR may be ok here, but it's unclear how Structs // work with marshalling. Confirm behavior and ensure we're doing this correctly. JRUBY-415","non-negative"
"// Object#to_a is obsolete.  We match Ruby's hack until to_a goes away.  Then we can  // remove this hack too.","negative"
"/**  *  * @author headius  * FIXME convert to enum ?  */","non-negative"
"// TODO: Hard coded -. JDBC/ODBC bridge JDK1.4 // brings back -9 for nvarchar columns in // MS SQL Server tables.","negative"
"// Always add plugins - there is not a good way to compare plugin zips and their extracted contents // at the moment. // TODO: Determine the best way to derive the filesize and checksum of the plugin zip that was last // extracted. Should we keep it around? How about using the current release.xml file ? Come to // think of it, perhaps we shouldn't be computing the checksum of *any* existing files, why don't // we just get it from the current release.xml file?","negative"
"/**         * the utility class that reads and writes release info from/to the release.xml file TODO: Spring-inject          * when this class is a Spring bean         */","non-negative"
"// This is weird - if I don't set this the column header doesn't line up // with the column contents.","negative"
"// This is (a logically not sufficent) try to cope with the problem that there are the following // contradictory rules in the JDBC API Doc: // Statement.getResultSet(): // This method should be called only once per result. // Statement.getUpdateCount(): // This method should be called only once per result. // Statement.getMoreResults(): // There are no more results when the following is true: (!getMoreResults() && (getUpdateCount() == -1) // // If getMoreResults() returns false, we don't know if we have more results, we only know that it isn't // a result set. Since we called getUpdateCount() before getMoreResults() because we would like to know // the update count of the first result, we might not be allowed to call getUpdateCount() again. // // The Intersystems Cache Driver for example always returns the same updateCount on simple // INSERT, UPDATE, DELETE statements not matter if getMoreResults() was called. So updateCount never // gets -1 and this will loop forever. When I discussed the issue with the Intersystems people they // just told me not to call getUpdateCount() twice. That simple. My hope is that this will cure // problems with DBs that just don't care for multiple result sets.","negative"
"// TODO: - Col - Add method to Databasemetadata that returns array // of objects for getBestRowIdentifier. For PostgreSQL put this kludge in // the new function. THis way all the kludges are kept in one place. // // KLUDGE!!!!!! // // For some DBs (e.g. PostgreSQL) there is actually a pseudo-column // providing the rowId, but the getBestRowIdentifier function is not // implemented.  This kludge hardcodes the knowledge that specific // DBs use a specific pseudo-column.  Additionally, as of pg 8.1, // you must create the table using """"WITH OID"""" appended to the create // statement.  Otherwise, OID column is not available by default. //","negative"
"/**          * TODO: move to IOUtilities          *           * @see  net.sourceforge.squirrel_sql.client.update.UpdateUtil#createZipFile(FileWrapper, FileWrapper[])          */","non-negative"
"/**      * Add a Comment with the given string      *      * TODO: Currently a no-op, doc is read only      *      * @param text the property      */","non-negative"
"/**  * Test delivery of Model events.  *  * TODO: We have not documented exactly what events arrive and when.  *  * @author Linus Tolke  */","negative"
"/**      * Make use of the default visibility, which is public...      * TODO: centralise this knowledge.      *      * @see  org.argouml.uml.diagram.ui.AbstractActionRadioMenuItem#valueOfTarget(java.lang.Object)      */","non-negative"
"/*      * TODO: needs documenting, why synchronized?      */","non-negative"
"/**      * The event to fire.     *      * TODO: Investigate! Is the purpose really to let the next call to     * {@link #firePropertyChanged(String, Object, Object)} fire the old      * event again if the previous  invocation resulted in an exception?      * If so, please document why. If not, fix it.      */","negative"
"/**  * **FIXME** This function needs documentation  *   * @return boolean  * @param XmlElement *            E  *  */","non-negative"
"/**  * **FIXME** This function needs documentation  *   * @return Vector  *    */","negative"
"/**  * TODO: JavaDoc  * * @author Colin Bell  */","non-negative"
"/**  * This class manages the windows for the application.  *  * TODO: Correct these notes  * <p>When a session closes the window manager will ensure that  * all of the windows for that sesion are closed.  * <p>Similarily when a window is closed the windows manager will ensure that  * references to the window are removed for the session.  *  * JASON: Prior to this patch there was some code movement from this class to  * Sessionmanager. The idea being that Sessionmanager  was the controller.  * Do we still want to do this? Remember in the future there will probably be  * an SDI as well as MDI version of the windows.  *  * @author <A HREF=""""mailto:colbell@users.sourceforge.net"""">Colin Bell</A>  * @author <A  HREF=""""mailto:jmheight@users.sourceforge.net"""">Jason Height</A>  */ ","non-negative"
"// TODO investigate typo in spec!!","negative"
"// @todo this is duplicating TestResult information. Only the time is not // part of the result. So we'd better derive a new class from TestResult // and deal with it. (SB)","non-negative"
"//TODO enable some proper tests!!","negative"
"/*      * TODO add tests to check for: - name clash - long option abbreviations      * (match shortest unique abbreviation)      */","non-negative"
"// TODO do tests for infix operators (8.4.7), // even though it is not yet supported","non-negative"
"// The UML 2.1.1 metamodel is a MOF 2.0 CMOF model, so // we want nodes with // tag=""""ownedMember"""", attribute xmi:type=""""cmof:Class"""" // TODO: This code is untested - tfm","non-negative"
"// TODO: fix testcase //assertEquals(""""filter result"""", true, result);","non-negative"
"//DMS this is totally untested.","negative"
"// Is getName() ok?  test with 1.1","non-negative"
"// TODO: test that surrogate value is legal.","non-negative"
"// the plot field is NOT tested","negative"
"// Now we know that this critic is still valid. What we need to // figure out is if the corresponding to-do item is still valid. // The to-do item is to be replaced if the name of some offender // has changed that affects its description or if the contents // of the list of offenders has changed. // We check that by creating a new ToDoItem and then verifying // that it looks exactly the same. // This really creates a lot of to-do items that goes to waste.","negative"
"// TODO: Should we be doing anything on deleted elements? // This throws an exception on remove events. - skip for now - tfm","non-negative"
"// TODO: Need to allow user to specify this","non-negative"
"// Just a note: StarTeam has a status for NEW which implies // that there is an item  on your local machine that is not // in the repository.  These are the items that show up as // NOT IN VIEW in the Starteam GUI. // One would think that we would want to perhaps checkin the // NEW items (not in all cases! - Steve Cohen 15 Dec 2001) // Unfortunately, the sdk doesn't really work, and we can't // actually see  anything with a status of NEW. That is why // we can just check out  everything here without worrying // about losing anything.","negative"
"// todo: is this comment still relevant ?? // FIXME: need to use a SAXSource as the source for the transform // so we can plug in our own entity resolver","non-negative"
"// TODO: Is this next line safe? What happens if there is just one // comment edge or a comment edge and a single message?","non-negative"
"// does not work: r.getFolderName() // does not work: r.getMessage().getUID()","negative"
"""/*                  Apparently in some environments you can't catch the security exception                 at all...  e.g. as an applet in IE  ... will probably have to work                  around         */","negative"
"// FIXME: we've cloned the chart, but the dataset(s) aren't cloned // and we should do that","non-negative"
"// TODO: Why do we clone the return value? This is the only reference // to it (right?) so we shouldn't need a separate copy.","non-negative"
"// TODO: This method doesn't appear to be used.","non-negative"
"// TODO: we loose encoding information here, fix it","negative"
"// Bug #1995728 // MS-SQL is inconsistent with regard to setting the current catalog. If you have a database with // periods or spaces, then in some cases you must surround the catalog with quotes. For example,  // if you have a catalog named 'db with spaces' you must execute the following SQL: //  // use """"db with spaces"""" // // However, the same is not always true for the JDBC API method Connection.setCatalog. For some old // versions of Microsoft drivers, you must quote the catalog as well. But for newer versions of the // driver, you must not quote the catalog. So here, we attempt to use the unquoted version first, then // if that fails, we will try quoting it.","non-negative"
"// XXX ignore attributes in a different NS ( maybe store them ? )","non-negative"
"// PR: Hack for ant-type value //  an ant-type is a component name which can // be namespaced, need to extract the name // and convert from qualified name to uri/name","negative"
"/**      * Set the number of milliseconds leeway to give before deciding a      * target is out of date.      * TODO: This is not yet used.      * @param granularity the granularity used to decide if a target is out of      *                    date.      */","non-negative"
"// TODO: // This is actually a hack! Some diagram types // (like the statechart diagrams) access the current // diagram to get some info. This might cause // problems if there's another statechart diagram // active, so I remove the current project, before // loading the new one.","negative"
"// TODO: A minimal update strategy would be better here to // minimize work and events firing, but it may be better to // deprecate the method and force calls to manage updates // themselves (since they probably usually want to just add // or remove a single element) - tfm 20061108","non-negative"
"// TODO: Remove this old implementation after 0.22 if it's // demonstrated that it's not needed. - tfm","non-negative"
"/*      * TODO: Why is this here? Who is calling this?      *      * @see java.beans.VetoableChangeListener#vetoableChange(java.beans.PropertyChangeEvent)      */","negative"
"// TODO: Won't our use of PathComparator take care of uniqueness?","non-negative"
"/*          * Install the trap to """"eat"""" SecurityExceptions.         *          * NOTE: This is temporary and will go away in a """"future"""" release          * http://bugs.sun.com/bugdatabase/view_bug.do?bug_id=4714232          */","negative"
"/**  * TODO: this class should be moved to package  * org.argouml.uml.ui.behavior.common_behavior.  */","non-negative"
"// TODO: Encountering a deleted object during // any part of this traversal will // abort the rest of the traversal. // We probably should do the whole traversal // in a single MDR transaction.","non-negative"
"/* TODO: What if used elsewhere? */","non-negative"
"// this is a hack for the multiline column","negative"
"//TODO (@author tstich): do something","non-negative"
"// FIXME: ugly cast to ContactModel","negative"
"// undocumented hack to allow browser actions to work. // XXX - clean up in 4.3","negative"
"// redundant with constructor","negative"
"/*                 Issues to resolve here...                 1) In which classloader should we define the class?                 if there is a BshClassLoader should we define it there?                 2) should we use reflection to set it in a non-bsh classloader                 if there is one or should we always create a bsh classloader                 (and expose its defineClass)? */","non-negative"
"// simplified these settings a little...","non-negative"
"/*                         Wrap nulls.                         This is a bit of a cludge to address a deficiency in the class                        generator whereby it does not wrap nulls on method delegate.  See                        Class Generator.java.  If we fix that then we can remove this.                         (just have to generate the code there.)                 */","negative"
"// Check for field on object  // Note: could eliminate throwing the exception somehow","non-negative"
"// TODO - removes the nodes from the CheckDirty map - should it be done later, in case some can't be removed?","non-negative"
"//TODO replace with proper Exception","negative"
"//This can lead to code smell, meh! Do we care","negative"
"/*      *     * A Dom tree panel for to display response as tree view author <a      * href=""""mailto:d.maung@mdl.com"""">Dave Maung</a>     * TODO implement to find any nodes in the tree using TreePath.     *     */","non-negative"
"// TODO: Does this method need to be public? It isn't currently // called outside of this class.","non-negative"
"// TODO should we allow null for non-primitive types?","non-negative"
"/*          * A little hack - add each listener to the start of the list - this          * ensures that the thread running the show is the first listener and          * can modify certain values before other listeners are called.          */","negative"
"// FIXME: I use a for block to implement END node because we need a proc which captures // its enclosing scope.   ForBlock now represents these node and should be renamed.","non-negative"
"// TODO: // MRI behavior: Call """"+"""" or """"add"""", depending on the call. // But this leads to exceptions when Floats are added. See: // http://blade.nagaokaut.ac.jp/cgi-bin/scat.rb/ruby/ruby-core/17374 // return callCoerced(context, op, b, true); -- this is MRI behavior. // We'll use ours for now, thus providing an ability to add Floats.","non-negative"
"// modules are included with a shim class; we must find that shim to handle super() appropriately","non-negative"
"// Something wrong we don't know the cwd... // TODO: Is this behavior really desirable? /mov","negative"
"// FIXME: Ideally JavaObject instances should be marshallable, which means that // the JavaObject metaclass should have an appropriate allocator. JRUBY-414","non-negative"
"// We clone dynamic scope because this will be a new instance of a block.  Any previously // captured instances of this block may still be around and we do not want to start // overwriting those values when we create a new one. // ENEBO: Once we make self, lastClass, and lastMethod immutable we can remove duplicate","non-negative"
"// FIXME: do we really want 'declared' methods?  includes private/protected, and does _not_ // include superclass methods.  also, the getDeclared calls may throw SecurityException if // we're running under a restrictive security policy.","negative"
"// TODO: These 2 should be handled with an Iterator!!!","negative"
"// TODO: This is a nasty quick hack. Needs an API to do this.","negative"
"/*          * TODO: This should not be public. Check all usages of it          * and put appropriate methods in an API object.          */","non-negative"
"// multiple rows - not good","negative"
"/**  * TODO: Clean this mess up!!!! Load plugins. Load all plugin jars into class loader.  */","negative"
"// TODO: - please add some javadoc - ugly classname also","negative"
"// TODO: Do we need this?","non-negative"
"/* TODO: The Quickguide also mentions:          *   -open <arg>     open given file on startup          *   -print <arg>    print given file on startup (and exit)          * Why are these gone? */","negative"
"/**          * **FIXME** This function needs documentation          *           * @param out          *            OutputStream to print the data to          *            */","non-negative"
"/**  * TODO: Document!  *   * @author penyaskito  */","negative"
"/**      * Returns all substates some composite state contains.      * <p>      * TODO: {@link #getAllPossibleSubvertices(Object)} and     * {@link #getAllSubStates(Object)} are duplicates as implemented for MDR.     * It isn't clear from the Javadoc or usage whether they should do different      * things or this just happened because no one noticed we already had      * another method.      *      * @param compState      *                the given compositestate      * @return all substates      */","non-negative"
"/**      * TODO: Document! What does this do?  Interacts with event pump in some manner      *       * @param objects new objeccts      */","negative"
"// The following debug line is now the single most memory consuming // line in the whole of ArgoUML. It allocates approximately 18% of // all memory allocated. // Suggestions for solutions: // Check if there is a LOG.log(Level.FINE,String, String) method that can // be used instead. // Use two calls. // For now I (Linus) just comment it out. // LOG.log(Level.FINE, """"applying critic: """" + _headline);","negative"
"/**      * For modules, it would be usefule to be able to remove their factories.<p>      *       * TODO: The effect of this method is not yet tested!      *      * @param factory the factory to remove      */","negative"
"// TODO: should not be using assert here but I don't want to change to // IllegalStateException at lead up to a release as I don't know how // much testing is done with assert on.","negative"
"// TODO: We need some way of driving this from panel xml rather // than hard coded test","negative"
"// TODO: Presumably this is only relevant if // obj is actually a Model or Profile. // An added test of isAModel(obj) or isAProfile(obj) would clarify // what is going on here.","non-negative"
